Sponsor Name,Website URL
Marriott Washington Dulles Airport,https://www.marriott.com/en-us/hotels/iadap-washington-dulles-airport-marriott/overview/
Burmester Family Endowment,
Claude Moore Charitable Foundation,https://claudemoorefoundation.org/
The Washington Group,https://thegroupdc.com/
QTS Data Centers,https://www.qtsdatacenters.com/
Visa,https://www.visa.com/
Dulles Greenway,https://www.dullesgreenway.com/
HCA Healthcare,https://www.hcahealthcare.com/
Micron Technology,https://www.micron.com/
Comstock Companies,https://comstock.com/
Shrivastava Family,
Thompson Hospitality,https://www.thompsonhospitality.com/
Dominion Energy,https://www.dominionenergy.com/
Virginia Geoffrey & John Andelin,
BrandMirror,https://brandmirror.com/
Veatch Commercial Real Estate,https://veatchcommercial.com/
Jim & Ellen Dyke,
INOVA Health System,https://www.inova.org/
Backflow Technologies,https://www.backflowtechnology.com/
Bank of Clarke County,https://www.bankofclarke.bank/
Carol and Glenn Davidson,
Law Offices of Michael Toobin,
Northwest Federal Credit Union,https://www.nwfcu.org/
Hon. John Foust,
Goldman Sachs,https://www.goldmansachs.com/
Goldbranson Family,
Wegmans,https://www.wegmans.com/
The CEO Woman,https://theceowoman.com/
Maid Brigade,https://www.maidbrigade.com/
Dave & JoAnne Adams,
Varol Okun & Nancy Lu,
Bill & Debi Alexander,
Alex Alexander & Angelica,
Loudoun County,https://www.loudoun.gov/
Fairfax County,https://www.fairfaxcounty.gov/
Arlington County,https://www.arlingtonva.us/
501st Legion,https://www.501st.com/
Rebel Legion,https://rebellegion.com/
